IP_Module,LUT_Used,FF_Used,WNS_ns,Max_Logic_Level
soc_design_i,30346,51671,N/A,0
soc_design_i/aes_dec_axi_wrapper_0,4188,285,N/A,0
soc_design_i/aes_enc_axi_wrapper_0,3592,343,N/A,0
soc_design_i/axi_interconnect_0,557,633,N/A,0
soc_design_i/axis_dwidth_converter_0,14,169,N/A,0
soc_design_i/npu_axi_wrapper_0,16612,46970,N/A,0
soc_design_i/proc_sys_reset_0,17,33,N/A,0
soc_design_i/processing_system7_0,0,0,N/A,0
soc_design_i/smartconnect_0,715,671,N/A,0
soc_design_i/smartconnect_1,813,763,N/A,0
soc_design_i/smartconnect_2,888,937,N/A,0
soc_design_i/top_dma_full_to_stre_0,571,280,N/A,0
soc_design_i/top_dma_full_to_stre_1,1186,289,N/A,0
soc_design_i/top_dma_stream_to_fu_0,1198,298,N/A,0
soc_design_i/xlconcat_0,0,0,N/A,0
soc_design_i/xlslice_0,0,0,N/A,0
soc_design_i/aes_dec_axi_wrapper_0/inst,4188,285,-24.563,51
soc_design_i/aes_dec_axi_wrapper_0/inst/u_aes_inv_core,4184,149,3.420,6
soc_design_i/aes_dec_axi_wrapper_0/inst/u_aes_inv_core/inv_sbox_gen[0].u_inv_sbox_inst,0,0,N/A,0
soc_design_i/aes_dec_axi_wrapper_0/inst/u_aes_inv_core/inv_sbox_gen[10].u_inv_sbox_inst,0,0,N/A,0
soc_design_i/aes_dec_axi_wrapper_0/inst/u_aes_inv_core/inv_sbox_gen[11].u_inv_sbox_inst,0,0,N/A,0
soc_design_i/aes_dec_axi_wrapper_0/inst/u_aes_inv_core/inv_sbox_gen[12].u_inv_sbox_inst,0,0,N/A,0
soc_design_i/aes_dec_axi_wrapper_0/inst/u_aes_inv_core/inv_sbox_gen[13].u_inv_sbox_inst,0,0,N/A,0
soc_design_i/aes_dec_axi_wrapper_0/inst/u_aes_inv_core/inv_sbox_gen[14].u_inv_sbox_inst,0,0,N/A,0
soc_design_i/aes_dec_axi_wrapper_0/inst/u_aes_inv_core/inv_sbox_gen[15].u_inv_sbox_inst,0,0,N/A,0
soc_design_i/aes_dec_axi_wrapper_0/inst/u_aes_inv_core/inv_sbox_gen[1].u_inv_sbox_inst,0,0,N/A,0
soc_design_i/aes_dec_axi_wrapper_0/inst/u_aes_inv_core/inv_sbox_gen[2].u_inv_sbox_inst,0,0,N/A,0
soc_design_i/aes_dec_axi_wrapper_0/inst/u_aes_inv_core/inv_sbox_gen[3].u_inv_sbox_inst,0,0,N/A,0
soc_design_i/aes_dec_axi_wrapper_0/inst/u_aes_inv_core/inv_sbox_gen[4].u_inv_sbox_inst,0,0,N/A,0
soc_design_i/aes_dec_axi_wrapper_0/inst/u_aes_inv_core/inv_sbox_gen[5].u_inv_sbox_inst,0,0,N/A,0
soc_design_i/aes_dec_axi_wrapper_0/inst/u_aes_inv_core/inv_sbox_gen[6].u_inv_sbox_inst,0,0,N/A,0
soc_design_i/aes_dec_axi_wrapper_0/inst/u_aes_inv_core/inv_sbox_gen[7].u_inv_sbox_inst,0,0,N/A,0
soc_design_i/aes_dec_axi_wrapper_0/inst/u_aes_inv_core/inv_sbox_gen[8].u_inv_sbox_inst,0,0,N/A,0
soc_design_i/aes_dec_axi_wrapper_0/inst/u_aes_inv_core/inv_sbox_gen[9].u_inv_sbox_inst,0,0,N/A,0
soc_design_i/aes_dec_axi_wrapper_0/inst/u_aes_inv_core/u_key_ext,68,0,N/A,0
soc_design_i/aes_enc_axi_wrapper_0/inst,3592,343,-23.893,49
soc_design_i/aes_enc_axi_wrapper_0/inst/u_aes_core,3589,180,6.465,4
soc_design_i/aes_enc_axi_wrapper_0/inst/u_aes_core/sbox_gen[0].u_sbox_inst,0,0,N/A,0
soc_design_i/aes_enc_axi_wrapper_0/inst/u_aes_core/sbox_gen[10].u_sbox_inst,0,0,N/A,0
soc_design_i/aes_enc_axi_wrapper_0/inst/u_aes_core/sbox_gen[11].u_sbox_inst,0,0,N/A,0
soc_design_i/aes_enc_axi_wrapper_0/inst/u_aes_core/sbox_gen[12].u_sbox_inst,0,0,N/A,0
soc_design_i/aes_enc_axi_wrapper_0/inst/u_aes_core/sbox_gen[13].u_sbox_inst,0,0,N/A,0
soc_design_i/aes_enc_axi_wrapper_0/inst/u_aes_core/sbox_gen[14].u_sbox_inst,0,0,N/A,0
soc_design_i/aes_enc_axi_wrapper_0/inst/u_aes_core/sbox_gen[15].u_sbox_inst,0,0,N/A,0
soc_design_i/aes_enc_axi_wrapper_0/inst/u_aes_core/sbox_gen[1].u_sbox_inst,0,0,N/A,0
soc_design_i/aes_enc_axi_wrapper_0/inst/u_aes_core/sbox_gen[2].u_sbox_inst,0,0,N/A,0
soc_design_i/aes_enc_axi_wrapper_0/inst/u_aes_core/sbox_gen[3].u_sbox_inst,0,0,N/A,0
soc_design_i/aes_enc_axi_wrapper_0/inst/u_aes_core/sbox_gen[4].u_sbox_inst,0,0,N/A,0
soc_design_i/aes_enc_axi_wrapper_0/inst/u_aes_core/sbox_gen[5].u_sbox_inst,0,0,N/A,0
soc_design_i/aes_enc_axi_wrapper_0/inst/u_aes_core/sbox_gen[6].u_sbox_inst,0,0,N/A,0
soc_design_i/aes_enc_axi_wrapper_0/inst/u_aes_core/sbox_gen[7].u_sbox_inst,0,0,N/A,0
soc_design_i/aes_enc_axi_wrapper_0/inst/u_aes_core/sbox_gen[8].u_sbox_inst,0,0,N/A,0
soc_design_i/aes_enc_axi_wrapper_0/inst/u_aes_core/sbox_gen[9].u_sbox_inst,0,0,N/A,0
soc_design_i/aes_enc_axi_wrapper_0/inst/u_aes_core/u_key_ext,68,0,N/A,0
soc_design_i/axi_interconnect_0/s00_couplers,377,510,N/A,0
soc_design_i/axi_interconnect_0/xbar,180,123,N/A,0
soc_design_i/axi_interconnect_0/s00_couplers/auto_pc,377,510,N/A,0
soc_design_i/axi_interconnect_0/s00_couplers/auto_pc/inst,377,510,N/A,0
soc_design_i/axi_interconnect_0/s00_couplers/auto_pc/inst/gen_axilite.gen_b2s_conv.axilite_b2s,377,510,16.274,0
soc_design_i/axi_interconnect_0/s00_couplers/auto_pc/inst/gen_axilite.gen_b2s_conv.axilite_b2s/RD.ar_channel_0,62,70,17.527,0
soc_design_i/axi_interconnect_0/s00_couplers/auto_pc/inst/gen_axilite.gen_b2s_conv.axilite_b2s/RD.r_channel_0,61,24,16.846,1
soc_design_i/axi_interconnect_0/s00_couplers/auto_pc/inst/gen_axilite.gen_b2s_conv.axilite_b2s/SI_REG,153,324,N/A,0
soc_design_i/axi_interconnect_0/s00_couplers/auto_pc/inst/gen_axilite.gen_b2s_conv.axilite_b2s/WR.aw_channel_0,71,74,17.724,0
soc_design_i/axi_interconnect_0/s00_couplers/auto_pc/inst/gen_axilite.gen_b2s_conv.axilite_b2s/WR.b_channel_0,35,17,12.922,5
soc_design_i/axi_interconnect_0/s00_couplers/auto_pc/inst/gen_axilite.gen_b2s_conv.axilite_b2s/RD.ar_channel_0/ar_cmd_fsm_0,32,2,13.157,3
soc_design_i/axi_interconnect_0/s00_couplers/auto_pc/inst/gen_axilite.gen_b2s_conv.axilite_b2s/RD.ar_channel_0/cmd_translator_0,30,56,16.800,2
soc_design_i/axi_interconnect_0/s00_couplers/auto_pc/inst/gen_axilite.gen_b2s_conv.axilite_b2s/RD.ar_channel_0/cmd_translator_0/incr_cmd_0,19,18,14.171,3
soc_design_i/axi_interconnect_0/s00_couplers/auto_pc/inst/gen_axilite.gen_b2s_conv.axilite_b2s/RD.ar_channel_0/cmd_translator_0/wrap_cmd_0,10,35,14.556,3
soc_design_i/axi_interconnect_0/s00_couplers/auto_pc/inst/gen_axilite.gen_b2s_conv.axilite_b2s/RD.r_channel_0/rd_data_fifo_0,43,5,12.534,2
soc_design_i/axi_interconnect_0/s00_couplers/auto_pc/inst/gen_axilite.gen_b2s_conv.axilite_b2s/RD.r_channel_0/transaction_fifo_0,19,5,14.108,4
soc_design_i/axi_interconnect_0/s00_couplers/auto_pc/inst/gen_axilite.gen_b2s_conv.axilite_b2s/SI_REG/ar.ar_pipe,55,98,12.054,3
soc_design_i/axi_interconnect_0/s00_couplers/auto_pc/inst/gen_axilite.gen_b2s_conv.axilite_b2s/SI_REG/aw.aw_pipe,61,100,12.244,3
soc_design_i/axi_interconnect_0/s00_couplers/auto_pc/inst/gen_axilite.gen_b2s_conv.axilite_b2s/SI_REG/b.b_pipe,10,30,15.893,0
soc_design_i/axi_interconnect_0/s00_couplers/auto_pc/inst/gen_axilite.gen_b2s_conv.axilite_b2s/SI_REG/r.r_pipe,27,96,15.191,0
soc_design_i/axi_interconnect_0/s00_couplers/auto_pc/inst/gen_axilite.gen_b2s_conv.axilite_b2s/WR.aw_channel_0/aw_cmd_fsm_0,40,2,13.665,5
soc_design_i/axi_interconnect_0/s00_couplers/auto_pc/inst/gen_axilite.gen_b2s_conv.axilite_b2s/WR.aw_channel_0/cmd_translator_0,31,56,13.717,7
soc_design_i/axi_interconnect_0/s00_couplers/auto_pc/inst/gen_axilite.gen_b2s_conv.axilite_b2s/WR.aw_channel_0/cmd_translator_0/incr_cmd_0,20,18,14.055,3
soc_design_i/axi_interconnect_0/s00_couplers/auto_pc/inst/gen_axilite.gen_b2s_conv.axilite_b2s/WR.aw_channel_0/cmd_translator_0/wrap_cmd_0,10,35,13.686,4
soc_design_i/axi_interconnect_0/s00_couplers/auto_pc/inst/gen_axilite.gen_b2s_conv.axilite_b2s/WR.b_channel_0/bid_fifo_0,21,2,13.666,6
soc_design_i/axi_interconnect_0/s00_couplers/auto_pc/inst/gen_axilite.gen_b2s_conv.axilite_b2s/WR.b_channel_0/bresp_fifo_0,6,2,12.187,5
soc_design_i/axi_interconnect_0/xbar/inst,180,123,N/A,0
soc_design_i/axi_interconnect_0/xbar/inst/gen_sasd.crossbar_sasd_0,180,123,10.318,3
soc_design_i/axi_interconnect_0/xbar/inst/gen_sasd.crossbar_sasd_0/addr_arbiter_inst,71,29,7.129,1
soc_design_i/axi_interconnect_0/xbar/inst/gen_sasd.crossbar_sasd_0/gen_decerr.decerr_slave_inst,8,4,13.427,5
soc_design_i/axi_interconnect_0/xbar/inst/gen_sasd.crossbar_sasd_0/reg_slice_r,88,74,10.330,3
soc_design_i/axi_interconnect_0/xbar/inst/gen_sasd.crossbar_sasd_0/splitter_ar,4,2,15.081,4
soc_design_i/axi_interconnect_0/xbar/inst/gen_sasd.crossbar_sasd_0/splitter_aw,12,3,10.474,2
soc_design_i/axis_dwidth_converter_0/inst,14,169,15.775,0
soc_design_i/axis_dwidth_converter_0/inst/gen_upsizer_conversion.axisc_upsizer_0,13,168,12.766,1
soc_design_i/npu_axi_wrapper_0/inst,16612,46970,-5.952,29
soc_design_i/npu_axi_wrapper_0/inst/u_npu,16605,46845,N/A,0
soc_design_i/npu_axi_wrapper_0/inst/u_npu/u_buf,10593,30877,-8.699,8
soc_design_i/npu_axi_wrapper_0/inst/u_npu/u_ctrl,72,36,-7.617,30
soc_design_i/npu_axi_wrapper_0/inst/u_npu/u_fc,1434,4031,-1.384,5
soc_design_i/npu_axi_wrapper_0/inst/u_npu/u_pe,448,24,-1.310,5
soc_design_i/npu_axi_wrapper_0/inst/u_npu/u_pool,3857,11877,-3.470,9
soc_design_i/proc_sys_reset_0/U0,17,33,-1.966,1
soc_design_i/proc_sys_reset_0/U0/EXT_LPF,5,17,17.188,1
soc_design_i/proc_sys_reset_0/U0/SEQ,12,15,17.613,1
soc_design_i/proc_sys_reset_0/U0/EXT_LPF/ACTIVE_LOW_AUX.ACT_LO_AUX,1,4,18.508,1
soc_design_i/proc_sys_reset_0/U0/EXT_LPF/ACTIVE_LOW_EXT.ACT_LO_EXT,2,4,18.303,1
soc_design_i/proc_sys_reset_0/U0/SEQ/SEQ_COUNTER,5,6,17.949,1
soc_design_i/processing_system7_0/inst,0,0,8.428,2
soc_design_i/smartconnect_0/inst,715,671,N/A,0
soc_design_i/smartconnect_0/inst/clk_map,13,22,N/A,0
soc_design_i/smartconnect_0/inst/m00_exit_pipeline,197,143,N/A,0
soc_design_i/smartconnect_0/inst/m00_sc2axi,0,0,N/A,0
soc_design_i/smartconnect_0/inst/s00_axi2sc,0,0,N/A,0
soc_design_i/smartconnect_0/inst/s00_entry_pipeline,339,362,N/A,0
soc_design_i/smartconnect_0/inst/s00_nodes,170,144,N/A,0
soc_design_i/smartconnect_0/inst/clk_map/psr_aclk,13,22,N/A,0
soc_design_i/smartconnect_0/inst/clk_map/psr_aclk/U0,13,22,,1
soc_design_i/smartconnect_0/inst/clk_map/psr_aclk/U0/EXT_LPF,3,6,16.963,1
soc_design_i/smartconnect_0/inst/clk_map/psr_aclk/U0/SEQ,10,15,17.319,1
soc_design_i/smartconnect_0/inst/clk_map/psr_aclk/U0/EXT_LPF/ACTIVE_LOW_AUX.ACT_LO_AUX,1,4,18.276,0
soc_design_i/smartconnect_0/inst/clk_map/psr_aclk/U0/SEQ/SEQ_COUNTER,5,6,17.650,1
soc_design_i/smartconnect_0/inst/m00_exit_pipeline/m00_exit,197,143,N/A,0
soc_design_i/smartconnect_0/inst/m00_exit_pipeline/m00_exit/inst,197,143,13.999,1
soc_design_i/smartconnect_0/inst/m00_exit_pipeline/m00_exit/inst/exit_inst,18,11,16.535,2
soc_design_i/smartconnect_0/inst/m00_exit_pipeline/m00_exit/inst/splitter_inst,178,127,15.678,2
soc_design_i/smartconnect_0/inst/m00_exit_pipeline/m00_exit/inst/xpm_cdc_async_rst_inst,1,3,18.384,0
soc_design_i/smartconnect_0/inst/m00_exit_pipeline/m00_exit/inst/exit_inst/gen_r_cmd_fifo.r_cmd_fifo,17,10,15.587,1
soc_design_i/smartconnect_0/inst/m00_exit_pipeline/m00_exit/inst/exit_inst/gen_r_cmd_fifo.r_cmd_fifo/gen_srls[10].srl_nx1,1,0,17.375,1
soc_design_i/smartconnect_0/inst/m00_exit_pipeline/m00_exit/inst/exit_inst/gen_r_cmd_fifo.r_cmd_fifo/gen_srls[15].srl_nx1,1,0,N/A,0
soc_design_i/smartconnect_0/inst/m00_exit_pipeline/m00_exit/inst/exit_inst/gen_r_cmd_fifo.r_cmd_fifo/gen_srls[3].srl_nx1,1,0,17.016,1
soc_design_i/smartconnect_0/inst/m00_exit_pipeline/m00_exit/inst/splitter_inst/gen_axi3.splitter_inst,177,126,10.657,5
soc_design_i/smartconnect_0/inst/m00_exit_pipeline/m00_exit/inst/splitter_inst/gen_axi3.splitter_inst/ar_cmd_reg,108,61,10.988,5
soc_design_i/smartconnect_0/inst/m00_exit_pipeline/m00_exit/inst/splitter_inst/gen_axi3.splitter_inst/gen_rsplitter.gen_rthread_loop[0].r_split_fifo,16,9,16.166,1
soc_design_i/smartconnect_0/inst/m00_exit_pipeline/m00_exit/inst/splitter_inst/gen_axi3.splitter_inst/gen_rsplitter.gen_rthread_loop[0].r_split_fifo/gen_srls[0].srl_nx1,3,0,17.382,1
soc_design_i/smartconnect_0/inst/m00_sc2axi/inst,0,0,N/A,0
soc_design_i/smartconnect_0/inst/s00_axi2sc/inst,0,0,N/A,0
soc_design_i/smartconnect_0/inst/s00_entry_pipeline/s00_mmu,78,116,N/A,0
soc_design_i/smartconnect_0/inst/s00_entry_pipeline/s00_si_converter,262,246,N/A,0
soc_design_i/smartconnect_0/inst/s00_entry_pipeline/s00_transaction_regulator,0,0,N/A,0
soc_design_i/smartconnect_0/inst/s00_entry_pipeline/s00_mmu/inst,78,116,12.031,3
soc_design_i/smartconnect_0/inst/s00_entry_pipeline/s00_mmu/inst/ar_reg_stall,51,92,12.162,4
soc_design_i/smartconnect_0/inst/s00_entry_pipeline/s00_mmu/inst/gen_endpoint.decerr_slave_inst,20,11,12.629,3
soc_design_i/smartconnect_0/inst/s00_entry_pipeline/s00_mmu/inst/xpm_cdc_async_rst_inst,1,3,18.440,1
soc_design_i/smartconnect_0/inst/s00_entry_pipeline/s00_si_converter/inst,262,246,10.827,4
soc_design_i/smartconnect_0/inst/s00_entry_pipeline/s00_si_converter/inst/converter.wrap_narrow_inst,260,242,10.691,4
soc_design_i/smartconnect_0/inst/s00_entry_pipeline/s00_si_converter/inst/xpm_cdc_async_rst_inst,1,3,18.157,1
soc_design_i/smartconnect_0/inst/s00_entry_pipeline/s00_si_converter/inst/converter.wrap_narrow_inst/ar_reg_slice,65,120,13.699,3
soc_design_i/smartconnect_0/inst/s00_entry_pipeline/s00_si_converter/inst/converter.wrap_narrow_inst/gen_thread_loop[0].r_cmd_fifo,79,27,15.574,2
soc_design_i/smartconnect_0/inst/s00_entry_pipeline/s00_si_converter/inst/converter.wrap_narrow_inst/gen_thread_loop[0].r_payld_fifo,101,55,10.186,4
soc_design_i/smartconnect_0/inst/s00_entry_pipeline/s00_si_converter/inst/converter.wrap_narrow_inst/gen_thread_loop[0].r_cmd_fifo/gen_srls[0].srl_nx1,2,0,17.270,1
soc_design_i/smartconnect_0/inst/s00_entry_pipeline/s00_si_converter/inst/converter.wrap_narrow_inst/gen_thread_loop[0].r_cmd_fifo/gen_srls[10].srl_nx1,2,0,17.316,1
soc_design_i/smartconnect_0/inst/s00_entry_pipeline/s00_si_converter/inst/converter.wrap_narrow_inst/gen_thread_loop[0].r_cmd_fifo/gen_srls[11].srl_nx1,2,0,17.330,1
soc_design_i/smartconnect_0/inst/s00_entry_pipeline/s00_si_converter/inst/converter.wrap_narrow_inst/gen_thread_loop[0].r_cmd_fifo/gen_srls[12].srl_nx1,2,0,17.169,1
soc_design_i/smartconnect_0/inst/s00_entry_pipeline/s00_si_converter/inst/converter.wrap_narrow_inst/gen_thread_loop[0].r_cmd_fifo/gen_srls[13].srl_nx1,2,0,17.248,1
soc_design_i/smartconnect_0/inst/s00_entry_pipeline/s00_si_converter/inst/converter.wrap_narrow_inst/gen_thread_loop[0].r_cmd_fifo/gen_srls[14].srl_nx1,2,0,17.170,1
soc_design_i/smartconnect_0/inst/s00_entry_pipeline/s00_si_converter/inst/converter.wrap_narrow_inst/gen_thread_loop[0].r_cmd_fifo/gen_srls[15].srl_nx1,2,0,17.335,1
soc_design_i/smartconnect_0/inst/s00_entry_pipeline/s00_si_converter/inst/converter.wrap_narrow_inst/gen_thread_loop[0].r_cmd_fifo/gen_srls[17].srl_nx1,2,0,17.317,1
soc_design_i/smartconnect_0/inst/s00_entry_pipeline/s00_si_converter/inst/converter.wrap_narrow_inst/gen_thread_loop[0].r_cmd_fifo/gen_srls[19].srl_nx1,3,0,17.311,1
soc_design_i/smartconnect_0/inst/s00_entry_pipeline/s00_si_converter/inst/converter.wrap_narrow_inst/gen_thread_loop[0].r_cmd_fifo/gen_srls[1].srl_nx1,2,0,17.396,1
soc_design_i/smartconnect_0/inst/s00_entry_pipeline/s00_si_converter/inst/converter.wrap_narrow_inst/gen_thread_loop[0].r_cmd_fifo/gen_srls[20].srl_nx1,4,0,17.153,1
soc_design_i/smartconnect_0/inst/s00_entry_pipeline/s00_si_converter/inst/converter.wrap_narrow_inst/gen_thread_loop[0].r_cmd_fifo/gen_srls[2].srl_nx1,2,0,17.552,1
soc_design_i/smartconnect_0/inst/s00_entry_pipeline/s00_si_converter/inst/converter.wrap_narrow_inst/gen_thread_loop[0].r_cmd_fifo/gen_srls[3].srl_nx1,2,0,17.404,1
soc_design_i/smartconnect_0/inst/s00_entry_pipeline/s00_si_converter/inst/converter.wrap_narrow_inst/gen_thread_loop[0].r_cmd_fifo/gen_srls[4].srl_nx1,2,0,17.396,1
soc_design_i/smartconnect_0/inst/s00_entry_pipeline/s00_si_converter/inst/converter.wrap_narrow_inst/gen_thread_loop[0].r_cmd_fifo/gen_srls[5].srl_nx1,2,0,17.639,1
soc_design_i/smartconnect_0/inst/s00_entry_pipeline/s00_si_converter/inst/converter.wrap_narrow_inst/gen_thread_loop[0].r_cmd_fifo/gen_srls[6].srl_nx1,2,0,17.124,1
soc_design_i/smartconnect_0/inst/s00_entry_pipeline/s00_si_converter/inst/converter.wrap_narrow_inst/gen_thread_loop[0].r_cmd_fifo/gen_srls[7].srl_nx1,2,0,17.106,1
soc_design_i/smartconnect_0/inst/s00_entry_pipeline/s00_si_converter/inst/converter.wrap_narrow_inst/gen_thread_loop[0].r_cmd_fifo/gen_srls[8].srl_nx1,2,0,17.181,1
soc_design_i/smartconnect_0/inst/s00_entry_pipeline/s00_si_converter/inst/converter.wrap_narrow_inst/gen_thread_loop[0].r_cmd_fifo/gen_srls[9].srl_nx1,2,0,17.565,1
soc_design_i/smartconnect_0/inst/s00_entry_pipeline/s00_si_converter/inst/converter.wrap_narrow_inst/gen_thread_loop[0].r_payld_fifo/cmd_fifo,55,16,15.406,3
soc_design_i/smartconnect_0/inst/s00_entry_pipeline/s00_si_converter/inst/converter.wrap_narrow_inst/gen_thread_loop[0].r_payld_fifo/gen_srls[10].srl_nx1,1,0,18.165,0
soc_design_i/smartconnect_0/inst/s00_entry_pipeline/s00_si_converter/inst/converter.wrap_narrow_inst/gen_thread_loop[0].r_payld_fifo/gen_srls[11].srl_nx1,1,0,18.147,0
soc_design_i/smartconnect_0/inst/s00_entry_pipeline/s00_si_converter/inst/converter.wrap_narrow_inst/gen_thread_loop[0].r_payld_fifo/gen_srls[12].srl_nx1,1,0,18.147,0
soc_design_i/smartconnect_0/inst/s00_entry_pipeline/s00_si_converter/inst/converter.wrap_narrow_inst/gen_thread_loop[0].r_payld_fifo/gen_srls[38].srl_nx1,5,0,N/A,0
soc_design_i/smartconnect_0/inst/s00_entry_pipeline/s00_si_converter/inst/converter.wrap_narrow_inst/gen_thread_loop[0].r_payld_fifo/gen_srls[4].srl_nx1,2,0,18.165,0
soc_design_i/smartconnect_0/inst/s00_entry_pipeline/s00_si_converter/inst/converter.wrap_narrow_inst/gen_thread_loop[0].r_payld_fifo/gen_srls[5].srl_nx1,1,0,18.147,0
soc_design_i/smartconnect_0/inst/s00_entry_pipeline/s00_si_converter/inst/converter.wrap_narrow_inst/gen_thread_loop[0].r_payld_fifo/gen_srls[6].srl_nx1,1,0,18.171,0
soc_design_i/smartconnect_0/inst/s00_entry_pipeline/s00_si_converter/inst/converter.wrap_narrow_inst/gen_thread_loop[0].r_payld_fifo/gen_srls[7].srl_nx1,1,0,18.165,0
soc_design_i/smartconnect_0/inst/s00_entry_pipeline/s00_si_converter/inst/converter.wrap_narrow_inst/gen_thread_loop[0].r_payld_fifo/gen_srls[8].srl_nx1,1,0,18.171,0
soc_design_i/smartconnect_0/inst/s00_entry_pipeline/s00_si_converter/inst/converter.wrap_narrow_inst/gen_thread_loop[0].r_payld_fifo/gen_srls[9].srl_nx1,1,0,18.165,0
soc_design_i/smartconnect_0/inst/s00_entry_pipeline/s00_si_converter/inst/converter.wrap_narrow_inst/gen_thread_loop[0].r_payld_fifo/cmd_fifo/gen_srls[0].srl_nx1,5,0,17.316,1
soc_design_i/smartconnect_0/inst/s00_entry_pipeline/s00_si_converter/inst/converter.wrap_narrow_inst/gen_thread_loop[0].r_payld_fifo/cmd_fifo/gen_srls[11].srl_nx1,1,0,N/A,0
soc_design_i/smartconnect_0/inst/s00_entry_pipeline/s00_si_converter/inst/converter.wrap_narrow_inst/gen_thread_loop[0].r_payld_fifo/cmd_fifo/gen_srls[1].srl_nx1,3,0,17.171,1
soc_design_i/smartconnect_0/inst/s00_entry_pipeline/s00_si_converter/inst/converter.wrap_narrow_inst/gen_thread_loop[0].r_payld_fifo/cmd_fifo/gen_srls[2].srl_nx1,4,0,17.573,1
soc_design_i/smartconnect_0/inst/s00_entry_pipeline/s00_si_converter/inst/converter.wrap_narrow_inst/gen_thread_loop[0].r_payld_fifo/cmd_fifo/gen_srls[3].srl_nx1,3,0,17.170,1
soc_design_i/smartconnect_0/inst/s00_entry_pipeline/s00_si_converter/inst/converter.wrap_narrow_inst/gen_thread_loop[0].r_payld_fifo/cmd_fifo/gen_srls[4].srl_nx1,3,0,17.335,1
soc_design_i/smartconnect_0/inst/s00_entry_pipeline/s00_si_converter/inst/converter.wrap_narrow_inst/gen_thread_loop[0].r_payld_fifo/cmd_fifo/gen_srls[5].srl_nx1,2,0,17.209,1
soc_design_i/smartconnect_0/inst/s00_entry_pipeline/s00_si_converter/inst/converter.wrap_narrow_inst/gen_thread_loop[0].r_payld_fifo/cmd_fifo/gen_srls[6].srl_nx1,2,0,17.225,1
soc_design_i/smartconnect_0/inst/s00_entry_pipeline/s00_si_converter/inst/converter.wrap_narrow_inst/gen_thread_loop[0].r_payld_fifo/cmd_fifo/gen_srls[7].srl_nx1,2,0,17.121,1
soc_design_i/smartconnect_0/inst/s00_entry_pipeline/s00_transaction_regulator/inst,0,0,N/A,0
soc_design_i/smartconnect_0/inst/s00_nodes/s00_ar_node,94,92,N/A,0
soc_design_i/smartconnect_0/inst/s00_nodes/s00_r_node,76,52,N/A,0
soc_design_i/smartconnect_0/inst/s00_nodes/s00_ar_node/inst,94,92,16.030,1
soc_design_i/smartconnect_0/inst/s00_nodes/s00_ar_node/inst/inst_mi_handler,90,87,16.599,0
soc_design_i/smartconnect_0/inst/s00_nodes/s00_ar_node/inst/inst_si_handler,1,1,14.932,3
soc_design_i/smartconnect_0/inst/s00_nodes/s00_ar_node/inst/s_sc_xpm_cdc_async_rst_inst,1,3,15.986,1
soc_design_i/smartconnect_0/inst/s00_nodes/s00_ar_node/inst/inst_mi_handler/gen_normal_area.inst_fifo_node_payld,90,85,N/A,0
soc_design_i/smartconnect_0/inst/s00_nodes/s00_ar_node/inst/inst_mi_handler/gen_normal_area.inst_fifo_node_payld/gen_xpm_memory_fifo.inst_fifo,90,85,13.163,4
soc_design_i/smartconnect_0/inst/s00_nodes/s00_ar_node/inst/inst_mi_handler/gen_normal_area.inst_fifo_node_payld/gen_xpm_memory_fifo.inst_fifo/gen_mem_rep[0].inst_rd_addrb,6,6,12.537,3
soc_design_i/smartconnect_0/inst/s00_nodes/s00_ar_node/inst/inst_mi_handler/gen_normal_area.inst_fifo_node_payld/gen_xpm_memory_fifo.inst_fifo/gen_mem_rep[0].inst_wr_addra,5,6,15.232,2
soc_design_i/smartconnect_0/inst/s00_nodes/s00_ar_node/inst/inst_mi_handler/gen_normal_area.inst_fifo_node_payld/gen_xpm_memory_fifo.inst_fifo/gen_mem_rep[0].inst_xpm_memory,52,63,N/A,0
soc_design_i/smartconnect_0/inst/s00_nodes/s00_ar_node/inst/inst_mi_handler/gen_normal_area.inst_fifo_node_payld/gen_xpm_memory_fifo.inst_fifo/gen_wr.inst_wr_addra_p1,23,6,15.695,3
soc_design_i/smartconnect_0/inst/s00_nodes/s00_ar_node/inst/inst_mi_handler/gen_normal_area.inst_fifo_node_payld/gen_xpm_memory_fifo.inst_fifo/gen_mem_rep[0].inst_xpm_memory/xpm_memory_base_inst,52,63,11.900,4
soc_design_i/smartconnect_0/inst/s00_nodes/s00_r_node/inst,76,52,17.314,1
soc_design_i/smartconnect_0/inst/s00_nodes/s00_r_node/inst/inst_mi_handler,71,47,16.681,0
soc_design_i/smartconnect_0/inst/s00_nodes/s00_r_node/inst/inst_si_handler,1,1,14.556,4
soc_design_i/smartconnect_0/inst/s00_nodes/s00_r_node/inst/s_sc_xpm_cdc_async_rst_inst,1,3,15.607,1
soc_design_i/smartconnect_0/inst/s00_nodes/s00_r_node/inst/inst_mi_handler/gen_normal_area.gen_downsizer.inst_downsizer,2,3,15.129,4
soc_design_i/smartconnect_0/inst/s00_nodes/s00_r_node/inst/inst_mi_handler/gen_normal_area.inst_fifo_node_payld,69,42,N/A,0
soc_design_i/smartconnect_0/inst/s00_nodes/s00_r_node/inst/inst_mi_handler/gen_normal_area.inst_fifo_node_payld/gen_xpm_memory_fifo.inst_fifo,69,42,14.942,4
soc_design_i/smartconnect_0/inst/s00_nodes/s00_r_node/inst/inst_mi_handler/gen_normal_area.inst_fifo_node_payld/gen_xpm_memory_fifo.inst_fifo/gen_mem_rep[0].inst_rd_addrb,5,6,15.469,4
soc_design_i/smartconnect_0/inst/s00_nodes/s00_r_node/inst/inst_mi_handler/gen_normal_area.inst_fifo_node_payld/gen_xpm_memory_fifo.inst_fifo/gen_mem_rep[0].inst_wr_addra,5,6,16.176,3
soc_design_i/smartconnect_0/inst/s00_nodes/s00_r_node/inst/inst_mi_handler/gen_normal_area.inst_fifo_node_payld/gen_xpm_memory_fifo.inst_fifo/gen_mem_rep[0].inst_xpm_memory,20,20,N/A,0
soc_design_i/smartconnect_0/inst/s00_nodes/s00_r_node/inst/inst_mi_handler/gen_normal_area.inst_fifo_node_payld/gen_xpm_memory_fifo.inst_fifo/gen_wr.inst_wr_addra_p1,23,6,16.087,3
soc_design_i/smartconnect_0/inst/s00_nodes/s00_r_node/inst/inst_mi_handler/gen_normal_area.inst_fifo_node_payld/gen_xpm_memory_fifo.inst_fifo/gen_mem_rep[0].inst_xpm_memory/xpm_memory_base_inst,20,20,14.804,4
soc_design_i/smartconnect_1/inst,813,763,N/A,0
soc_design_i/smartconnect_1/inst/clk_map,13,22,N/A,0
soc_design_i/smartconnect_1/inst/m00_exit_pipeline,197,143,N/A,0
soc_design_i/smartconnect_1/inst/m00_sc2axi,0,0,N/A,0
soc_design_i/smartconnect_1/inst/s00_axi2sc,0,0,N/A,0
soc_design_i/smartconnect_1/inst/s00_entry_pipeline,385,408,N/A,0
soc_design_i/smartconnect_1/inst/s00_nodes,221,190,N/A,0
soc_design_i/smartconnect_1/inst/clk_map/psr_aclk,13,22,N/A,0
soc_design_i/smartconnect_1/inst/clk_map/psr_aclk/U0,13,22,,1
soc_design_i/smartconnect_1/inst/clk_map/psr_aclk/U0/EXT_LPF,3,6,17.107,1
soc_design_i/smartconnect_1/inst/clk_map/psr_aclk/U0/SEQ,10,15,16.670,1
soc_design_i/smartconnect_1/inst/clk_map/psr_aclk/U0/EXT_LPF/ACTIVE_LOW_AUX.ACT_LO_AUX,1,4,18.469,0
soc_design_i/smartconnect_1/inst/clk_map/psr_aclk/U0/SEQ/SEQ_COUNTER,5,6,17.964,1
soc_design_i/smartconnect_1/inst/m00_exit_pipeline/m00_exit,197,143,N/A,0
soc_design_i/smartconnect_1/inst/m00_exit_pipeline/m00_exit/inst,197,143,15.633,2
soc_design_i/smartconnect_1/inst/m00_exit_pipeline/m00_exit/inst/exit_inst,18,11,15.868,2
soc_design_i/smartconnect_1/inst/m00_exit_pipeline/m00_exit/inst/splitter_inst,178,127,15.427,2
soc_design_i/smartconnect_1/inst/m00_exit_pipeline/m00_exit/inst/xpm_cdc_async_rst_inst,1,3,18.479,0
soc_design_i/smartconnect_1/inst/m00_exit_pipeline/m00_exit/inst/exit_inst/gen_r_cmd_fifo.r_cmd_fifo,17,10,15.441,2
soc_design_i/smartconnect_1/inst/m00_exit_pipeline/m00_exit/inst/exit_inst/gen_r_cmd_fifo.r_cmd_fifo/gen_srls[10].srl_nx1,1,0,17.315,1
soc_design_i/smartconnect_1/inst/m00_exit_pipeline/m00_exit/inst/exit_inst/gen_r_cmd_fifo.r_cmd_fifo/gen_srls[15].srl_nx1,1,0,N/A,0
soc_design_i/smartconnect_1/inst/m00_exit_pipeline/m00_exit/inst/exit_inst/gen_r_cmd_fifo.r_cmd_fifo/gen_srls[3].srl_nx1,1,0,17.665,1
soc_design_i/smartconnect_1/inst/m00_exit_pipeline/m00_exit/inst/splitter_inst/gen_axi3.splitter_inst,177,126,10.043,5
soc_design_i/smartconnect_1/inst/m00_exit_pipeline/m00_exit/inst/splitter_inst/gen_axi3.splitter_inst/ar_cmd_reg,108,61,11.436,5
soc_design_i/smartconnect_1/inst/m00_exit_pipeline/m00_exit/inst/splitter_inst/gen_axi3.splitter_inst/gen_rsplitter.gen_rthread_loop[0].r_split_fifo,16,9,15.154,2
soc_design_i/smartconnect_1/inst/m00_exit_pipeline/m00_exit/inst/splitter_inst/gen_axi3.splitter_inst/gen_rsplitter.gen_rthread_loop[0].r_split_fifo/gen_srls[0].srl_nx1,3,0,17.547,1
soc_design_i/smartconnect_1/inst/m00_sc2axi/inst,0,0,N/A,0
soc_design_i/smartconnect_1/inst/s00_axi2sc/inst,0,0,N/A,0
soc_design_i/smartconnect_1/inst/s00_entry_pipeline/s00_mmu,90,116,N/A,0
soc_design_i/smartconnect_1/inst/s00_entry_pipeline/s00_si_converter,297,292,N/A,0
soc_design_i/smartconnect_1/inst/s00_entry_pipeline/s00_transaction_regulator,0,0,N/A,0
soc_design_i/smartconnect_1/inst/s00_entry_pipeline/s00_mmu/inst,90,116,8.859,3
soc_design_i/smartconnect_1/inst/s00_entry_pipeline/s00_mmu/inst/ar_reg_stall,51,92,11.764,5
soc_design_i/smartconnect_1/inst/s00_entry_pipeline/s00_mmu/inst/gen_endpoint.decerr_slave_inst,20,11,9.058,3
soc_design_i/smartconnect_1/inst/s00_entry_pipeline/s00_mmu/inst/xpm_cdc_async_rst_inst,1,3,18.036,1
soc_design_i/smartconnect_1/inst/s00_entry_pipeline/s00_si_converter/inst,297,292,12.111,5
soc_design_i/smartconnect_1/inst/s00_entry_pipeline/s00_si_converter/inst/converter.wrap_narrow_inst,295,288,8.671,4
soc_design_i/smartconnect_1/inst/s00_entry_pipeline/s00_si_converter/inst/xpm_cdc_async_rst_inst,1,3,18.113,1
soc_design_i/smartconnect_1/inst/s00_entry_pipeline/s00_si_converter/inst/converter.wrap_narrow_inst/ar_reg_slice,66,120,12.517,5
soc_design_i/smartconnect_1/inst/s00_entry_pipeline/s00_si_converter/inst/converter.wrap_narrow_inst/gen_thread_loop[0].r_cmd_fifo,80,27,15.407,2
soc_design_i/smartconnect_1/inst/s00_entry_pipeline/s00_si_converter/inst/converter.wrap_narrow_inst/gen_thread_loop[0].r_payld_fifo,136,78,7.989,4
soc_design_i/smartconnect_1/inst/s00_entry_pipeline/s00_si_converter/inst/converter.wrap_narrow_inst/gen_thread_loop[0].r_cmd_fifo/gen_srls[0].srl_nx1,2,0,17.096,1
soc_design_i/smartconnect_1/inst/s00_entry_pipeline/s00_si_converter/inst/converter.wrap_narrow_inst/gen_thread_loop[0].r_cmd_fifo/gen_srls[10].srl_nx1,2,0,17.146,1
soc_design_i/smartconnect_1/inst/s00_entry_pipeline/s00_si_converter/inst/converter.wrap_narrow_inst/gen_thread_loop[0].r_cmd_fifo/gen_srls[11].srl_nx1,2,0,17.028,1
soc_design_i/smartconnect_1/inst/s00_entry_pipeline/s00_si_converter/inst/converter.wrap_narrow_inst/gen_thread_loop[0].r_cmd_fifo/gen_srls[12].srl_nx1,2,0,17.105,1
soc_design_i/smartconnect_1/inst/s00_entry_pipeline/s00_si_converter/inst/converter.wrap_narrow_inst/gen_thread_loop[0].r_cmd_fifo/gen_srls[13].srl_nx1,2,0,16.952,1
soc_design_i/smartconnect_1/inst/s00_entry_pipeline/s00_si_converter/inst/converter.wrap_narrow_inst/gen_thread_loop[0].r_cmd_fifo/gen_srls[14].srl_nx1,2,0,17.198,1
soc_design_i/smartconnect_1/inst/s00_entry_pipeline/s00_si_converter/inst/converter.wrap_narrow_inst/gen_thread_loop[0].r_cmd_fifo/gen_srls[15].srl_nx1,2,0,17.117,1
soc_design_i/smartconnect_1/inst/s00_entry_pipeline/s00_si_converter/inst/converter.wrap_narrow_inst/gen_thread_loop[0].r_cmd_fifo/gen_srls[17].srl_nx1,2,0,17.372,1
soc_design_i/smartconnect_1/inst/s00_entry_pipeline/s00_si_converter/inst/converter.wrap_narrow_inst/gen_thread_loop[0].r_cmd_fifo/gen_srls[19].srl_nx1,3,0,17.252,1
soc_design_i/smartconnect_1/inst/s00_entry_pipeline/s00_si_converter/inst/converter.wrap_narrow_inst/gen_thread_loop[0].r_cmd_fifo/gen_srls[1].srl_nx1,2,0,17.171,1
soc_design_i/smartconnect_1/inst/s00_entry_pipeline/s00_si_converter/inst/converter.wrap_narrow_inst/gen_thread_loop[0].r_cmd_fifo/gen_srls[20].srl_nx1,4,0,17.416,1
soc_design_i/smartconnect_1/inst/s00_entry_pipeline/s00_si_converter/inst/converter.wrap_narrow_inst/gen_thread_loop[0].r_cmd_fifo/gen_srls[2].srl_nx1,2,0,17.181,1
soc_design_i/smartconnect_1/inst/s00_entry_pipeline/s00_si_converter/inst/converter.wrap_narrow_inst/gen_thread_loop[0].r_cmd_fifo/gen_srls[3].srl_nx1,2,0,17.354,1
soc_design_i/smartconnect_1/inst/s00_entry_pipeline/s00_si_converter/inst/converter.wrap_narrow_inst/gen_thread_loop[0].r_cmd_fifo/gen_srls[4].srl_nx1,2,0,17.253,1
soc_design_i/smartconnect_1/inst/s00_entry_pipeline/s00_si_converter/inst/converter.wrap_narrow_inst/gen_thread_loop[0].r_cmd_fifo/gen_srls[5].srl_nx1,2,0,17.175,1
soc_design_i/smartconnect_1/inst/s00_entry_pipeline/s00_si_converter/inst/converter.wrap_narrow_inst/gen_thread_loop[0].r_cmd_fifo/gen_srls[6].srl_nx1,2,0,16.976,1
soc_design_i/smartconnect_1/inst/s00_entry_pipeline/s00_si_converter/inst/converter.wrap_narrow_inst/gen_thread_loop[0].r_cmd_fifo/gen_srls[7].srl_nx1,2,0,17.001,1
soc_design_i/smartconnect_1/inst/s00_entry_pipeline/s00_si_converter/inst/converter.wrap_narrow_inst/gen_thread_loop[0].r_cmd_fifo/gen_srls[8].srl_nx1,2,0,16.931,1
soc_design_i/smartconnect_1/inst/s00_entry_pipeline/s00_si_converter/inst/converter.wrap_narrow_inst/gen_thread_loop[0].r_cmd_fifo/gen_srls[9].srl_nx1,2,0,17.210,1
soc_design_i/smartconnect_1/inst/s00_entry_pipeline/s00_si_converter/inst/converter.wrap_narrow_inst/gen_thread_loop[0].r_payld_fifo/cmd_fifo,55,16,14.494,2
soc_design_i/smartconnect_1/inst/s00_entry_pipeline/s00_si_converter/inst/converter.wrap_narrow_inst/gen_thread_loop[0].r_payld_fifo/gen_srls[10].srl_nx1,1,0,18.165,0
soc_design_i/smartconnect_1/inst/s00_entry_pipeline/s00_si_converter/inst/converter.wrap_narrow_inst/gen_thread_loop[0].r_payld_fifo/gen_srls[11].srl_nx1,1,0,18.147,0
soc_design_i/smartconnect_1/inst/s00_entry_pipeline/s00_si_converter/inst/converter.wrap_narrow_inst/gen_thread_loop[0].r_payld_fifo/gen_srls[12].srl_nx1,1,0,18.147,0
soc_design_i/smartconnect_1/inst/s00_entry_pipeline/s00_si_converter/inst/converter.wrap_narrow_inst/gen_thread_loop[0].r_payld_fifo/gen_srls[13].srl_nx1,1,0,18.147,0
soc_design_i/smartconnect_1/inst/s00_entry_pipeline/s00_si_converter/inst/converter.wrap_narrow_inst/gen_thread_loop[0].r_payld_fifo/gen_srls[14].srl_nx1,1,0,18.147,0
soc_design_i/smartconnect_1/inst/s00_entry_pipeline/s00_si_converter/inst/converter.wrap_narrow_inst/gen_thread_loop[0].r_payld_fifo/gen_srls[15].srl_nx1,1,0,18.147,0
soc_design_i/smartconnect_1/inst/s00_entry_pipeline/s00_si_converter/inst/converter.wrap_narrow_inst/gen_thread_loop[0].r_payld_fifo/gen_srls[16].srl_nx1,1,0,18.165,0
soc_design_i/smartconnect_1/inst/s00_entry_pipeline/s00_si_converter/inst/converter.wrap_narrow_inst/gen_thread_loop[0].r_payld_fifo/gen_srls[17].srl_nx1,1,0,18.165,0
soc_design_i/smartconnect_1/inst/s00_entry_pipeline/s00_si_converter/inst/converter.wrap_narrow_inst/gen_thread_loop[0].r_payld_fifo/gen_srls[18].srl_nx1,1,0,18.171,0
soc_design_i/smartconnect_1/inst/s00_entry_pipeline/s00_si_converter/inst/converter.wrap_narrow_inst/gen_thread_loop[0].r_payld_fifo/gen_srls[19].srl_nx1,1,0,18.147,0
soc_design_i/smartconnect_1/inst/s00_entry_pipeline/s00_si_converter/inst/converter.wrap_narrow_inst/gen_thread_loop[0].r_payld_fifo/gen_srls[20].srl_nx1,1,0,18.147,0
soc_design_i/smartconnect_1/inst/s00_entry_pipeline/s00_si_converter/inst/converter.wrap_narrow_inst/gen_thread_loop[0].r_payld_fifo/gen_srls[21].srl_nx1,1,0,18.165,0
soc_design_i/smartconnect_1/inst/s00_entry_pipeline/s00_si_converter/inst/converter.wrap_narrow_inst/gen_thread_loop[0].r_payld_fifo/gen_srls[22].srl_nx1,1,0,18.165,0
soc_design_i/smartconnect_1/inst/s00_entry_pipeline/s00_si_converter/inst/converter.wrap_narrow_inst/gen_thread_loop[0].r_payld_fifo/gen_srls[23].srl_nx1,1,0,18.165,0
soc_design_i/smartconnect_1/inst/s00_entry_pipeline/s00_si_converter/inst/converter.wrap_narrow_inst/gen_thread_loop[0].r_payld_fifo/gen_srls[24].srl_nx1,1,0,18.171,0
soc_design_i/smartconnect_1/inst/s00_entry_pipeline/s00_si_converter/inst/converter.wrap_narrow_inst/gen_thread_loop[0].r_payld_fifo/gen_srls[25].srl_nx1,1,0,18.165,0
soc_design_i/smartconnect_1/inst/s00_entry_pipeline/s00_si_converter/inst/converter.wrap_narrow_inst/gen_thread_loop[0].r_payld_fifo/gen_srls[26].srl_nx1,1,0,18.165,0
soc_design_i/smartconnect_1/inst/s00_entry_pipeline/s00_si_converter/inst/converter.wrap_narrow_inst/gen_thread_loop[0].r_payld_fifo/gen_srls[27].srl_nx1,1,0,18.171,0
soc_design_i/smartconnect_1/inst/s00_entry_pipeline/s00_si_converter/inst/converter.wrap_narrow_inst/gen_thread_loop[0].r_payld_fifo/gen_srls[28].srl_nx1,1,0,18.147,0
soc_design_i/smartconnect_1/inst/s00_entry_pipeline/s00_si_converter/inst/converter.wrap_narrow_inst/gen_thread_loop[0].r_payld_fifo/gen_srls[29].srl_nx1,1,0,18.171,0
soc_design_i/smartconnect_1/inst/s00_entry_pipeline/s00_si_converter/inst/converter.wrap_narrow_inst/gen_thread_loop[0].r_payld_fifo/gen_srls[30].srl_nx1,1,0,18.165,0
soc_design_i/smartconnect_1/inst/s00_entry_pipeline/s00_si_converter/inst/converter.wrap_narrow_inst/gen_thread_loop[0].r_payld_fifo/gen_srls[31].srl_nx1,1,0,18.165,0
soc_design_i/smartconnect_1/inst/s00_entry_pipeline/s00_si_converter/inst/converter.wrap_narrow_inst/gen_thread_loop[0].r_payld_fifo/gen_srls[32].srl_nx1,1,0,18.165,0
soc_design_i/smartconnect_1/inst/s00_entry_pipeline/s00_si_converter/inst/converter.wrap_narrow_inst/gen_thread_loop[0].r_payld_fifo/gen_srls[33].srl_nx1,1,0,18.171,0
soc_design_i/smartconnect_1/inst/s00_entry_pipeline/s00_si_converter/inst/converter.wrap_narrow_inst/gen_thread_loop[0].r_payld_fifo/gen_srls[34].srl_nx1,1,0,18.165,0
soc_design_i/smartconnect_1/inst/s00_entry_pipeline/s00_si_converter/inst/converter.wrap_narrow_inst/gen_thread_loop[0].r_payld_fifo/gen_srls[35].srl_nx1,1,0,18.165,0
soc_design_i/smartconnect_1/inst/s00_entry_pipeline/s00_si_converter/inst/converter.wrap_narrow_inst/gen_thread_loop[0].r_payld_fifo/gen_srls[38].srl_nx1,5,0,N/A,0
soc_design_i/smartconnect_1/inst/s00_entry_pipeline/s00_si_converter/inst/converter.wrap_narrow_inst/gen_thread_loop[0].r_payld_fifo/gen_srls[4].srl_nx1,2,0,18.171,0
soc_design_i/smartconnect_1/inst/s00_entry_pipeline/s00_si_converter/inst/converter.wrap_narrow_inst/gen_thread_loop[0].r_payld_fifo/gen_srls[5].srl_nx1,1,0,18.171,0
soc_design_i/smartconnect_1/inst/s00_entry_pipeline/s00_si_converter/inst/converter.wrap_narrow_inst/gen_thread_loop[0].r_payld_fifo/gen_srls[6].srl_nx1,1,0,18.171,0
soc_design_i/smartconnect_1/inst/s00_entry_pipeline/s00_si_converter/inst/converter.wrap_narrow_inst/gen_thread_loop[0].r_payld_fifo/gen_srls[7].srl_nx1,1,0,18.165,0
soc_design_i/smartconnect_1/inst/s00_entry_pipeline/s00_si_converter/inst/converter.wrap_narrow_inst/gen_thread_loop[0].r_payld_fifo/gen_srls[8].srl_nx1,1,0,18.165,0
soc_design_i/smartconnect_1/inst/s00_entry_pipeline/s00_si_converter/inst/converter.wrap_narrow_inst/gen_thread_loop[0].r_payld_fifo/gen_srls[9].srl_nx1,1,0,18.165,0
soc_design_i/smartconnect_1/inst/s00_entry_pipeline/s00_si_converter/inst/converter.wrap_narrow_inst/gen_thread_loop[0].r_payld_fifo/cmd_fifo/gen_srls[0].srl_nx1,5,0,17.213,1
soc_design_i/smartconnect_1/inst/s00_entry_pipeline/s00_si_converter/inst/converter.wrap_narrow_inst/gen_thread_loop[0].r_payld_fifo/cmd_fifo/gen_srls[11].srl_nx1,1,0,N/A,0
soc_design_i/smartconnect_1/inst/s00_entry_pipeline/s00_si_converter/inst/converter.wrap_narrow_inst/gen_thread_loop[0].r_payld_fifo/cmd_fifo/gen_srls[1].srl_nx1,3,0,17.173,1
soc_design_i/smartconnect_1/inst/s00_entry_pipeline/s00_si_converter/inst/converter.wrap_narrow_inst/gen_thread_loop[0].r_payld_fifo/cmd_fifo/gen_srls[2].srl_nx1,4,0,16.971,1
soc_design_i/smartconnect_1/inst/s00_entry_pipeline/s00_si_converter/inst/converter.wrap_narrow_inst/gen_thread_loop[0].r_payld_fifo/cmd_fifo/gen_srls[3].srl_nx1,3,0,17.404,1
soc_design_i/smartconnect_1/inst/s00_entry_pipeline/s00_si_converter/inst/converter.wrap_narrow_inst/gen_thread_loop[0].r_payld_fifo/cmd_fifo/gen_srls[4].srl_nx1,3,0,17.396,1
soc_design_i/smartconnect_1/inst/s00_entry_pipeline/s00_si_converter/inst/converter.wrap_narrow_inst/gen_thread_loop[0].r_payld_fifo/cmd_fifo/gen_srls[5].srl_nx1,2,0,17.570,1
soc_design_i/smartconnect_1/inst/s00_entry_pipeline/s00_si_converter/inst/converter.wrap_narrow_inst/gen_thread_loop[0].r_payld_fifo/cmd_fifo/gen_srls[6].srl_nx1,2,0,16.700,1
soc_design_i/smartconnect_1/inst/s00_entry_pipeline/s00_si_converter/inst/converter.wrap_narrow_inst/gen_thread_loop[0].r_payld_fifo/cmd_fifo/gen_srls[7].srl_nx1,2,0,17.403,1
soc_design_i/smartconnect_1/inst/s00_entry_pipeline/s00_transaction_regulator/inst,0,0,N/A,0
soc_design_i/smartconnect_1/inst/s00_nodes/s00_ar_node,94,92,N/A,0
soc_design_i/smartconnect_1/inst/s00_nodes/s00_r_node,127,98,N/A,0
soc_design_i/smartconnect_1/inst/s00_nodes/s00_ar_node/inst,94,92,17.299,2
soc_design_i/smartconnect_1/inst/s00_nodes/s00_ar_node/inst/inst_mi_handler,90,87,16.243,0
soc_design_i/smartconnect_1/inst/s00_nodes/s00_ar_node/inst/inst_si_handler,1,1,13.819,1
soc_design_i/smartconnect_1/inst/s00_nodes/s00_ar_node/inst/s_sc_xpm_cdc_async_rst_inst,1,3,16.827,1
soc_design_i/smartconnect_1/inst/s00_nodes/s00_ar_node/inst/inst_mi_handler/gen_normal_area.inst_fifo_node_payld,90,85,N/A,0
soc_design_i/smartconnect_1/inst/s00_nodes/s00_ar_node/inst/inst_mi_handler/gen_normal_area.inst_fifo_node_payld/gen_xpm_memory_fifo.inst_fifo,90,85,12.766,4
soc_design_i/smartconnect_1/inst/s00_nodes/s00_ar_node/inst/inst_mi_handler/gen_normal_area.inst_fifo_node_payld/gen_xpm_memory_fifo.inst_fifo/gen_mem_rep[0].inst_rd_addrb,6,6,14.696,3
soc_design_i/smartconnect_1/inst/s00_nodes/s00_ar_node/inst/inst_mi_handler/gen_normal_area.inst_fifo_node_payld/gen_xpm_memory_fifo.inst_fifo/gen_mem_rep[0].inst_wr_addra,5,6,14.894,0
soc_design_i/smartconnect_1/inst/s00_nodes/s00_ar_node/inst/inst_mi_handler/gen_normal_area.inst_fifo_node_payld/gen_xpm_memory_fifo.inst_fifo/gen_mem_rep[0].inst_xpm_memory,52,63,N/A,0
soc_design_i/smartconnect_1/inst/s00_nodes/s00_ar_node/inst/inst_mi_handler/gen_normal_area.inst_fifo_node_payld/gen_xpm_memory_fifo.inst_fifo/gen_wr.inst_wr_addra_p1,23,6,15.451,3
soc_design_i/smartconnect_1/inst/s00_nodes/s00_ar_node/inst/inst_mi_handler/gen_normal_area.inst_fifo_node_payld/gen_xpm_memory_fifo.inst_fifo/gen_mem_rep[0].inst_xpm_memory/xpm_memory_base_inst,52,63,12.104,4
soc_design_i/smartconnect_1/inst/s00_nodes/s00_r_node/inst,127,98,16.464,1
soc_design_i/smartconnect_1/inst/s00_nodes/s00_r_node/inst/inst_mi_handler,122,93,15.841,0
soc_design_i/smartconnect_1/inst/s00_nodes/s00_r_node/inst/inst_si_handler,1,1,13.453,4
soc_design_i/smartconnect_1/inst/s00_nodes/s00_r_node/inst/s_sc_xpm_cdc_async_rst_inst,1,3,17.244,1
soc_design_i/smartconnect_1/inst/s00_nodes/s00_r_node/inst/inst_mi_handler/gen_normal_area.gen_downsizer.inst_downsizer,2,3,14.317,4
soc_design_i/smartconnect_1/inst/s00_nodes/s00_r_node/inst/inst_mi_handler/gen_normal_area.inst_fifo_node_payld,120,88,N/A,0
soc_design_i/smartconnect_1/inst/s00_nodes/s00_r_node/inst/inst_mi_handler/gen_normal_area.inst_fifo_node_payld/gen_xpm_memory_fifo.inst_fifo,120,88,14.624,4
soc_design_i/smartconnect_1/inst/s00_nodes/s00_r_node/inst/inst_mi_handler/gen_normal_area.inst_fifo_node_payld/gen_xpm_memory_fifo.inst_fifo/gen_mem_rep[0].inst_rd_addrb,5,6,15.059,1
soc_design_i/smartconnect_1/inst/s00_nodes/s00_r_node/inst/inst_mi_handler/gen_normal_area.inst_fifo_node_payld/gen_xpm_memory_fifo.inst_fifo/gen_mem_rep[0].inst_wr_addra,5,6,15.363,0
soc_design_i/smartconnect_1/inst/s00_nodes/s00_r_node/inst/inst_mi_handler/gen_normal_area.inst_fifo_node_payld/gen_xpm_memory_fifo.inst_fifo/gen_mem_rep[0].inst_xpm_memory,48,66,N/A,0
soc_design_i/smartconnect_1/inst/s00_nodes/s00_r_node/inst/inst_mi_handler/gen_normal_area.inst_fifo_node_payld/gen_xpm_memory_fifo.inst_fifo/gen_wr.inst_wr_addra_p1,23,6,15.476,3
soc_design_i/smartconnect_1/inst/s00_nodes/s00_r_node/inst/inst_mi_handler/gen_normal_area.inst_fifo_node_payld/gen_xpm_memory_fifo.inst_fifo/gen_mem_rep[0].inst_xpm_memory/xpm_memory_base_inst,48,66,13.608,4
soc_design_i/smartconnect_2/inst,888,937,N/A,0
soc_design_i/smartconnect_2/inst/clk_map,13,22,N/A,0
soc_design_i/smartconnect_2/inst/m00_exit_pipeline,231,165,N/A,0
soc_design_i/smartconnect_2/inst/m00_sc2axi,0,0,N/A,0
soc_design_i/smartconnect_2/inst/s00_axi2sc,0,0,N/A,0
soc_design_i/smartconnect_2/inst/s00_entry_pipeline,411,445,N/A,0
soc_design_i/smartconnect_2/inst/s00_nodes,236,305,N/A,0
soc_design_i/smartconnect_2/inst/clk_map/psr_aclk,13,22,N/A,0
soc_design_i/smartconnect_2/inst/clk_map/psr_aclk/U0,13,22,,1
soc_design_i/smartconnect_2/inst/clk_map/psr_aclk/U0/EXT_LPF,3,6,17.083,1
soc_design_i/smartconnect_2/inst/clk_map/psr_aclk/U0/SEQ,10,15,16.750,1
soc_design_i/smartconnect_2/inst/clk_map/psr_aclk/U0/EXT_LPF/ACTIVE_LOW_AUX.ACT_LO_AUX,1,4,17.992,0
soc_design_i/smartconnect_2/inst/clk_map/psr_aclk/U0/SEQ/SEQ_COUNTER,5,6,17.949,1
soc_design_i/smartconnect_2/inst/m00_exit_pipeline/m00_exit,231,165,N/A,0
soc_design_i/smartconnect_2/inst/m00_exit_pipeline/m00_exit/inst,231,165,11.899,5
soc_design_i/smartconnect_2/inst/m00_exit_pipeline/m00_exit/inst/exit_inst,10,8,N/A,0
soc_design_i/smartconnect_2/inst/m00_exit_pipeline/m00_exit/inst/splitter_inst,219,152,N/A,0
soc_design_i/smartconnect_2/inst/m00_exit_pipeline/m00_exit/inst/xpm_cdc_async_rst_inst,1,3,18.256,0
soc_design_i/smartconnect_2/inst/m00_exit_pipeline/m00_exit/inst/exit_inst/gen_w_cmd_fifo.w_cmd_fifo,10,8,15.020,3
soc_design_i/smartconnect_2/inst/m00_exit_pipeline/m00_exit/inst/splitter_inst/gen_axi3.splitter_inst,217,152,7.196,2
soc_design_i/smartconnect_2/inst/m00_exit_pipeline/m00_exit/inst/splitter_inst/gen_axi3.splitter_inst/aw_cmd_reg,103,60,10.408,2
soc_design_i/smartconnect_2/inst/m00_exit_pipeline/m00_exit/inst/splitter_inst/gen_axi3.splitter_inst/gen_wsplitter.gen_wthread_loop[0].b_split_fifo,22,9,12.433,4
soc_design_i/smartconnect_2/inst/m00_exit_pipeline/m00_exit/inst/splitter_inst/gen_axi3.splitter_inst/gen_wsplitter.w_split_fifo,36,13,11.986,5
soc_design_i/smartconnect_2/inst/m00_exit_pipeline/m00_exit/inst/splitter_inst/gen_axi3.splitter_inst/gen_wsplitter.gen_wthread_loop[0].b_split_fifo/gen_srls[0].srl_nx1,5,0,16.247,2
soc_design_i/smartconnect_2/inst/m00_exit_pipeline/m00_exit/inst/splitter_inst/gen_axi3.splitter_inst/gen_wsplitter.w_split_fifo/gen_srls[0].srl_nx1,3,0,17.242,1
soc_design_i/smartconnect_2/inst/m00_exit_pipeline/m00_exit/inst/splitter_inst/gen_axi3.splitter_inst/gen_wsplitter.w_split_fifo/gen_srls[1].srl_nx1,2,0,17.222,1
soc_design_i/smartconnect_2/inst/m00_exit_pipeline/m00_exit/inst/splitter_inst/gen_axi3.splitter_inst/gen_wsplitter.w_split_fifo/gen_srls[2].srl_nx1,2,0,17.513,1
soc_design_i/smartconnect_2/inst/m00_exit_pipeline/m00_exit/inst/splitter_inst/gen_axi3.splitter_inst/gen_wsplitter.w_split_fifo/gen_srls[3].srl_nx1,2,0,17.158,1
soc_design_i/smartconnect_2/inst/m00_exit_pipeline/m00_exit/inst/splitter_inst/gen_axi3.splitter_inst/gen_wsplitter.w_split_fifo/gen_srls[4].srl_nx1,3,0,16.634,1
soc_design_i/smartconnect_2/inst/m00_sc2axi/inst,0,0,N/A,0
soc_design_i/smartconnect_2/inst/s00_axi2sc/inst,0,0,N/A,0
soc_design_i/smartconnect_2/inst/s00_entry_pipeline/s00_mmu,76,120,N/A,0
soc_design_i/smartconnect_2/inst/s00_entry_pipeline/s00_si_converter,335,325,N/A,0
soc_design_i/smartconnect_2/inst/s00_entry_pipeline/s00_transaction_regulator,0,0,N/A,0
soc_design_i/smartconnect_2/inst/s00_entry_pipeline/s00_mmu/inst,76,120,11.988,3
soc_design_i/smartconnect_2/inst/s00_entry_pipeline/s00_mmu/inst/aw_reg_stall,49,92,10.839,5
soc_design_i/smartconnect_2/inst/s00_entry_pipeline/s00_mmu/inst/gen_endpoint.decerr_slave_inst,11,6,13.633,2
soc_design_i/smartconnect_2/inst/s00_entry_pipeline/s00_mmu/inst/xpm_cdc_async_rst_inst,1,3,17.726,1
soc_design_i/smartconnect_2/inst/s00_entry_pipeline/s00_si_converter/inst,335,325,14.973,1
soc_design_i/smartconnect_2/inst/s00_entry_pipeline/s00_si_converter/inst/converter.wrap_narrow_inst,308,307,12.541,3
soc_design_i/smartconnect_2/inst/s00_entry_pipeline/s00_si_converter/inst/gen_normal.splitter_inst,26,14,13.432,2
soc_design_i/smartconnect_2/inst/s00_entry_pipeline/s00_si_converter/inst/xpm_cdc_async_rst_inst,1,3,18.193,1
soc_design_i/smartconnect_2/inst/s00_entry_pipeline/s00_si_converter/inst/converter.wrap_narrow_inst/aw_reg_slice,57,114,12.414,1
soc_design_i/smartconnect_2/inst/s00_entry_pipeline/s00_si_converter/inst/converter.wrap_narrow_inst/w_cmd_fifo,78,19,12.964,2
soc_design_i/smartconnect_2/inst/s00_entry_pipeline/s00_si_converter/inst/converter.wrap_narrow_inst/w_payld_fifo,137,83,10.931,5
soc_design_i/smartconnect_2/inst/s00_entry_pipeline/s00_si_converter/inst/converter.wrap_narrow_inst/w_cmd_fifo/gen_srls[10].srl_nx1,2,0,17.546,1
soc_design_i/smartconnect_2/inst/s00_entry_pipeline/s00_si_converter/inst/converter.wrap_narrow_inst/w_cmd_fifo/gen_srls[14].srl_nx1,3,0,17.238,1
soc_design_i/smartconnect_2/inst/s00_entry_pipeline/s00_si_converter/inst/converter.wrap_narrow_inst/w_cmd_fifo/gen_srls[15].srl_nx1,3,0,16.895,1
soc_design_i/smartconnect_2/inst/s00_entry_pipeline/s00_si_converter/inst/converter.wrap_narrow_inst/w_cmd_fifo/gen_srls[1].srl_nx1,2,0,16.785,1
soc_design_i/smartconnect_2/inst/s00_entry_pipeline/s00_si_converter/inst/converter.wrap_narrow_inst/w_cmd_fifo/gen_srls[2].srl_nx1,2,0,17.402,1
soc_design_i/smartconnect_2/inst/s00_entry_pipeline/s00_si_converter/inst/converter.wrap_narrow_inst/w_cmd_fifo/gen_srls[3].srl_nx1,2,0,17.128,1
soc_design_i/smartconnect_2/inst/s00_entry_pipeline/s00_si_converter/inst/converter.wrap_narrow_inst/w_cmd_fifo/gen_srls[4].srl_nx1,2,0,17.403,1
soc_design_i/smartconnect_2/inst/s00_entry_pipeline/s00_si_converter/inst/converter.wrap_narrow_inst/w_cmd_fifo/gen_srls[5].srl_nx1,2,0,16.694,1
soc_design_i/smartconnect_2/inst/s00_entry_pipeline/s00_si_converter/inst/converter.wrap_narrow_inst/w_cmd_fifo/gen_srls[6].srl_nx1,2,0,16.929,1
soc_design_i/smartconnect_2/inst/s00_entry_pipeline/s00_si_converter/inst/converter.wrap_narrow_inst/w_cmd_fifo/gen_srls[7].srl_nx1,2,0,17.121,1
soc_design_i/smartconnect_2/inst/s00_entry_pipeline/s00_si_converter/inst/converter.wrap_narrow_inst/w_cmd_fifo/gen_srls[8].srl_nx1,2,0,17.217,1
soc_design_i/smartconnect_2/inst/s00_entry_pipeline/s00_si_converter/inst/converter.wrap_narrow_inst/w_payld_fifo/cmd_fifo,61,16,12.198,2
soc_design_i/smartconnect_2/inst/s00_entry_pipeline/s00_si_converter/inst/converter.wrap_narrow_inst/w_payld_fifo/gen_srls[100].srl_nx1,1,0,18.165,0
soc_design_i/smartconnect_2/inst/s00_entry_pipeline/s00_si_converter/inst/converter.wrap_narrow_inst/w_payld_fifo/gen_srls[101].srl_nx1,1,0,18.147,0
soc_design_i/smartconnect_2/inst/s00_entry_pipeline/s00_si_converter/inst/converter.wrap_narrow_inst/w_payld_fifo/gen_srls[102].srl_nx1,1,0,18.147,0
soc_design_i/smartconnect_2/inst/s00_entry_pipeline/s00_si_converter/inst/converter.wrap_narrow_inst/w_payld_fifo/gen_srls[103].srl_nx1,6,0,18.165,0
soc_design_i/smartconnect_2/inst/s00_entry_pipeline/s00_si_converter/inst/converter.wrap_narrow_inst/w_payld_fifo/gen_srls[68].srl_nx1,2,0,18.147,0
soc_design_i/smartconnect_2/inst/s00_entry_pipeline/s00_si_converter/inst/converter.wrap_narrow_inst/w_payld_fifo/gen_srls[69].srl_nx1,1,0,18.147,0
soc_design_i/smartconnect_2/inst/s00_entry_pipeline/s00_si_converter/inst/converter.wrap_narrow_inst/w_payld_fifo/gen_srls[70].srl_nx1,1,0,18.165,0
soc_design_i/smartconnect_2/inst/s00_entry_pipeline/s00_si_converter/inst/converter.wrap_narrow_inst/w_payld_fifo/gen_srls[71].srl_nx1,1,0,18.147,0
soc_design_i/smartconnect_2/inst/s00_entry_pipeline/s00_si_converter/inst/converter.wrap_narrow_inst/w_payld_fifo/gen_srls[72].srl_nx1,1,0,18.147,0
soc_design_i/smartconnect_2/inst/s00_entry_pipeline/s00_si_converter/inst/converter.wrap_narrow_inst/w_payld_fifo/gen_srls[73].srl_nx1,1,0,18.147,0
soc_design_i/smartconnect_2/inst/s00_entry_pipeline/s00_si_converter/inst/converter.wrap_narrow_inst/w_payld_fifo/gen_srls[74].srl_nx1,1,0,18.165,0
soc_design_i/smartconnect_2/inst/s00_entry_pipeline/s00_si_converter/inst/converter.wrap_narrow_inst/w_payld_fifo/gen_srls[75].srl_nx1,1,0,18.171,0
soc_design_i/smartconnect_2/inst/s00_entry_pipeline/s00_si_converter/inst/converter.wrap_narrow_inst/w_payld_fifo/gen_srls[76].srl_nx1,1,0,18.171,0
soc_design_i/smartconnect_2/inst/s00_entry_pipeline/s00_si_converter/inst/converter.wrap_narrow_inst/w_payld_fifo/gen_srls[77].srl_nx1,1,0,18.147,0
soc_design_i/smartconnect_2/inst/s00_entry_pipeline/s00_si_converter/inst/converter.wrap_narrow_inst/w_payld_fifo/gen_srls[78].srl_nx1,1,0,18.147,0
soc_design_i/smartconnect_2/inst/s00_entry_pipeline/s00_si_converter/inst/converter.wrap_narrow_inst/w_payld_fifo/gen_srls[79].srl_nx1,1,0,18.165,0
soc_design_i/smartconnect_2/inst/s00_entry_pipeline/s00_si_converter/inst/converter.wrap_narrow_inst/w_payld_fifo/gen_srls[80].srl_nx1,1,0,18.165,0
soc_design_i/smartconnect_2/inst/s00_entry_pipeline/s00_si_converter/inst/converter.wrap_narrow_inst/w_payld_fifo/gen_srls[81].srl_nx1,1,0,18.171,0
soc_design_i/smartconnect_2/inst/s00_entry_pipeline/s00_si_converter/inst/converter.wrap_narrow_inst/w_payld_fifo/gen_srls[82].srl_nx1,1,0,18.165,0
soc_design_i/smartconnect_2/inst/s00_entry_pipeline/s00_si_converter/inst/converter.wrap_narrow_inst/w_payld_fifo/gen_srls[83].srl_nx1,1,0,18.147,0
soc_design_i/smartconnect_2/inst/s00_entry_pipeline/s00_si_converter/inst/converter.wrap_narrow_inst/w_payld_fifo/gen_srls[84].srl_nx1,1,0,18.147,0
soc_design_i/smartconnect_2/inst/s00_entry_pipeline/s00_si_converter/inst/converter.wrap_narrow_inst/w_payld_fifo/gen_srls[85].srl_nx1,1,0,18.171,0
soc_design_i/smartconnect_2/inst/s00_entry_pipeline/s00_si_converter/inst/converter.wrap_narrow_inst/w_payld_fifo/gen_srls[86].srl_nx1,1,0,18.147,0
soc_design_i/smartconnect_2/inst/s00_entry_pipeline/s00_si_converter/inst/converter.wrap_narrow_inst/w_payld_fifo/gen_srls[87].srl_nx1,1,0,18.165,0
soc_design_i/smartconnect_2/inst/s00_entry_pipeline/s00_si_converter/inst/converter.wrap_narrow_inst/w_payld_fifo/gen_srls[88].srl_nx1,1,0,18.165,0
soc_design_i/smartconnect_2/inst/s00_entry_pipeline/s00_si_converter/inst/converter.wrap_narrow_inst/w_payld_fifo/gen_srls[89].srl_nx1,1,0,18.165,0
soc_design_i/smartconnect_2/inst/s00_entry_pipeline/s00_si_converter/inst/converter.wrap_narrow_inst/w_payld_fifo/gen_srls[90].srl_nx1,1,0,18.165,0
soc_design_i/smartconnect_2/inst/s00_entry_pipeline/s00_si_converter/inst/converter.wrap_narrow_inst/w_payld_fifo/gen_srls[91].srl_nx1,1,0,18.171,0
soc_design_i/smartconnect_2/inst/s00_entry_pipeline/s00_si_converter/inst/converter.wrap_narrow_inst/w_payld_fifo/gen_srls[92].srl_nx1,1,0,18.147,0
soc_design_i/smartconnect_2/inst/s00_entry_pipeline/s00_si_converter/inst/converter.wrap_narrow_inst/w_payld_fifo/gen_srls[93].srl_nx1,1,0,18.171,0
soc_design_i/smartconnect_2/inst/s00_entry_pipeline/s00_si_converter/inst/converter.wrap_narrow_inst/w_payld_fifo/gen_srls[94].srl_nx1,1,0,18.165,0
soc_design_i/smartconnect_2/inst/s00_entry_pipeline/s00_si_converter/inst/converter.wrap_narrow_inst/w_payld_fifo/gen_srls[95].srl_nx1,1,0,18.165,0
soc_design_i/smartconnect_2/inst/s00_entry_pipeline/s00_si_converter/inst/converter.wrap_narrow_inst/w_payld_fifo/gen_srls[96].srl_nx1,1,0,18.165,0
soc_design_i/smartconnect_2/inst/s00_entry_pipeline/s00_si_converter/inst/converter.wrap_narrow_inst/w_payld_fifo/gen_srls[97].srl_nx1,1,0,18.165,0
soc_design_i/smartconnect_2/inst/s00_entry_pipeline/s00_si_converter/inst/converter.wrap_narrow_inst/w_payld_fifo/gen_srls[98].srl_nx1,1,0,18.171,0
soc_design_i/smartconnect_2/inst/s00_entry_pipeline/s00_si_converter/inst/converter.wrap_narrow_inst/w_payld_fifo/gen_srls[99].srl_nx1,1,0,18.165,0
soc_design_i/smartconnect_2/inst/s00_entry_pipeline/s00_si_converter/inst/converter.wrap_narrow_inst/w_payld_fifo/cmd_fifo/gen_srls[0].srl_nx1,4,0,16.847,1
soc_design_i/smartconnect_2/inst/s00_entry_pipeline/s00_si_converter/inst/converter.wrap_narrow_inst/w_payld_fifo/cmd_fifo/gen_srls[11].srl_nx1,3,0,N/A,0
soc_design_i/smartconnect_2/inst/s00_entry_pipeline/s00_si_converter/inst/converter.wrap_narrow_inst/w_payld_fifo/cmd_fifo/gen_srls[1].srl_nx1,3,0,17.025,1
soc_design_i/smartconnect_2/inst/s00_entry_pipeline/s00_si_converter/inst/converter.wrap_narrow_inst/w_payld_fifo/cmd_fifo/gen_srls[2].srl_nx1,3,0,17.013,1
soc_design_i/smartconnect_2/inst/s00_entry_pipeline/s00_si_converter/inst/converter.wrap_narrow_inst/w_payld_fifo/cmd_fifo/gen_srls[3].srl_nx1,6,0,16.995,1
soc_design_i/smartconnect_2/inst/s00_entry_pipeline/s00_si_converter/inst/converter.wrap_narrow_inst/w_payld_fifo/cmd_fifo/gen_srls[4].srl_nx1,3,0,17.113,1
soc_design_i/smartconnect_2/inst/s00_entry_pipeline/s00_si_converter/inst/converter.wrap_narrow_inst/w_payld_fifo/cmd_fifo/gen_srls[5].srl_nx1,5,0,17.177,1
soc_design_i/smartconnect_2/inst/s00_entry_pipeline/s00_si_converter/inst/converter.wrap_narrow_inst/w_payld_fifo/cmd_fifo/gen_srls[6].srl_nx1,3,0,17.158,1
soc_design_i/smartconnect_2/inst/s00_entry_pipeline/s00_si_converter/inst/converter.wrap_narrow_inst/w_payld_fifo/cmd_fifo/gen_srls[7].srl_nx1,2,0,17.041,1
soc_design_i/smartconnect_2/inst/s00_entry_pipeline/s00_si_converter/inst/gen_normal.splitter_inst/gen_no_wsplitter.gen_endpoint_woffset.gen_wbypass_offset_fifo.wbypass_offset_fifo,26,13,10.915,5
soc_design_i/smartconnect_2/inst/s00_entry_pipeline/s00_si_converter/inst/gen_normal.splitter_inst/gen_no_wsplitter.gen_endpoint_woffset.gen_wbypass_offset_fifo.wbypass_offset_fifo/gen_srls[2].srl_nx1,2,0,16.801,1
soc_design_i/smartconnect_2/inst/s00_entry_pipeline/s00_si_converter/inst/gen_normal.splitter_inst/gen_no_wsplitter.gen_endpoint_woffset.gen_wbypass_offset_fifo.wbypass_offset_fifo/gen_srls[4].srl_nx1,2,0,16.659,1
soc_design_i/smartconnect_2/inst/s00_entry_pipeline/s00_si_converter/inst/gen_normal.splitter_inst/gen_no_wsplitter.gen_endpoint_woffset.gen_wbypass_offset_fifo.wbypass_offset_fifo/gen_srls[5].srl_nx1,2,0,16.977,1
soc_design_i/smartconnect_2/inst/s00_entry_pipeline/s00_si_converter/inst/gen_normal.splitter_inst/gen_no_wsplitter.gen_endpoint_woffset.gen_wbypass_offset_fifo.wbypass_offset_fifo/gen_srls[6].srl_nx1,2,0,17.004,1
soc_design_i/smartconnect_2/inst/s00_entry_pipeline/s00_si_converter/inst/gen_normal.splitter_inst/gen_no_wsplitter.gen_endpoint_woffset.gen_wbypass_offset_fifo.wbypass_offset_fifo/gen_srls[9].srl_nx1,3,0,17.159,1
soc_design_i/smartconnect_2/inst/s00_entry_pipeline/s00_transaction_regulator/inst,0,0,N/A,0
soc_design_i/smartconnect_2/inst/s00_nodes/s00_aw_node,90,91,N/A,0
soc_design_i/smartconnect_2/inst/s00_nodes/s00_b_node,40,28,N/A,0
soc_design_i/smartconnect_2/inst/s00_nodes/s00_w_node,107,186,N/A,0
soc_design_i/smartconnect_2/inst/s00_nodes/s00_aw_node/inst,90,91,16.902,1
soc_design_i/smartconnect_2/inst/s00_nodes/s00_aw_node/inst/inst_mi_handler,86,86,14.031,0
soc_design_i/smartconnect_2/inst/s00_nodes/s00_aw_node/inst/inst_si_handler,1,1,13.539,1
soc_design_i/smartconnect_2/inst/s00_nodes/s00_aw_node/inst/s_sc_xpm_cdc_async_rst_inst,1,3,17.004,1
soc_design_i/smartconnect_2/inst/s00_nodes/s00_aw_node/inst/inst_mi_handler/gen_normal_area.inst_fifo_node_payld,86,84,N/A,0
soc_design_i/smartconnect_2/inst/s00_nodes/s00_aw_node/inst/inst_mi_handler/gen_normal_area.inst_fifo_node_payld/gen_xpm_memory_fifo.inst_fifo,86,84,12.993,5
soc_design_i/smartconnect_2/inst/s00_nodes/s00_aw_node/inst/inst_mi_handler/gen_normal_area.inst_fifo_node_payld/gen_xpm_memory_fifo.inst_fifo/gen_mem_rep[0].inst_rd_addrb,6,6,14.643,3
soc_design_i/smartconnect_2/inst/s00_nodes/s00_aw_node/inst/inst_mi_handler/gen_normal_area.inst_fifo_node_payld/gen_xpm_memory_fifo.inst_fifo/gen_mem_rep[0].inst_wr_addra,5,6,14.984,0
soc_design_i/smartconnect_2/inst/s00_nodes/s00_aw_node/inst/inst_mi_handler/gen_normal_area.inst_fifo_node_payld/gen_xpm_memory_fifo.inst_fifo/gen_mem_rep[0].inst_xpm_memory,48,62,N/A,0
soc_design_i/smartconnect_2/inst/s00_nodes/s00_aw_node/inst/inst_mi_handler/gen_normal_area.inst_fifo_node_payld/gen_xpm_memory_fifo.inst_fifo/gen_wr.inst_wr_addra_p1,23,6,15.049,3
soc_design_i/smartconnect_2/inst/s00_nodes/s00_aw_node/inst/inst_mi_handler/gen_normal_area.inst_fifo_node_payld/gen_xpm_memory_fifo.inst_fifo/gen_mem_rep[0].inst_xpm_memory/xpm_memory_base_inst,48,62,10.696,5
soc_design_i/smartconnect_2/inst/s00_nodes/s00_b_node/inst,40,28,16.636,2
soc_design_i/smartconnect_2/inst/s00_nodes/s00_b_node/inst/inst_mi_handler,36,23,17.782,0
soc_design_i/smartconnect_2/inst/s00_nodes/s00_b_node/inst/inst_si_handler,1,1,12.707,4
soc_design_i/smartconnect_2/inst/s00_nodes/s00_b_node/inst/s_sc_xpm_cdc_async_rst_inst,1,3,17.347,1
soc_design_i/smartconnect_2/inst/s00_nodes/s00_b_node/inst/inst_mi_handler/gen_normal_area.inst_fifo_node_payld,36,21,N/A,0
soc_design_i/smartconnect_2/inst/s00_nodes/s00_b_node/inst/inst_mi_handler/gen_normal_area.inst_fifo_node_payld/gen_xpm_memory_fifo.inst_fifo,36,21,13.221,2
soc_design_i/smartconnect_2/inst/s00_nodes/s00_b_node/inst/inst_mi_handler/gen_normal_area.inst_fifo_node_payld/gen_xpm_memory_fifo.inst_fifo/gen_mem_rep[0].inst_rd_addrb,6,6,15.622,3
soc_design_i/smartconnect_2/inst/s00_nodes/s00_b_node/inst/inst_mi_handler/gen_normal_area.inst_fifo_node_payld/gen_xpm_memory_fifo.inst_fifo/gen_mem_rep[0].inst_wr_addra,5,6,17.182,2
soc_design_i/smartconnect_2/inst/s00_nodes/s00_b_node/inst/inst_mi_handler/gen_normal_area.inst_fifo_node_payld/gen_xpm_memory_fifo.inst_fifo/gen_wr.inst_wr_addra_p1,21,6,15.812,3
soc_design_i/smartconnect_2/inst/s00_nodes/s00_w_node/inst,107,186,16.550,1
soc_design_i/smartconnect_2/inst/s00_nodes/s00_w_node/inst/inst_mi_handler,103,181,16.403,0
soc_design_i/smartconnect_2/inst/s00_nodes/s00_w_node/inst/inst_si_handler,0,1,10.414,5
soc_design_i/smartconnect_2/inst/s00_nodes/s00_w_node/inst/s_sc_xpm_cdc_async_rst_inst,1,3,16.237,1
soc_design_i/smartconnect_2/inst/s00_nodes/s00_w_node/inst/inst_mi_handler/gen_normal_area.gen_fi_regulator.inst_fi_regulator,1,2,18.019,1
soc_design_i/smartconnect_2/inst/s00_nodes/s00_w_node/inst/inst_mi_handler/gen_normal_area.gen_upsizer.inst_upsizer,12,83,14.836,1
soc_design_i/smartconnect_2/inst/s00_nodes/s00_w_node/inst/inst_mi_handler/gen_normal_area.inst_fifo_node_payld,91,94,N/A,0
soc_design_i/smartconnect_2/inst/s00_nodes/s00_w_node/inst/inst_mi_handler/gen_normal_area.gen_upsizer.inst_upsizer/inst_upsizer_target_pipeline,0,2,18.075,0
soc_design_i/smartconnect_2/inst/s00_nodes/s00_w_node/inst/inst_mi_handler/gen_normal_area.inst_fifo_node_payld/gen_xpm_memory_fifo.inst_fifo,91,94,12.837,5
soc_design_i/smartconnect_2/inst/s00_nodes/s00_w_node/inst/inst_mi_handler/gen_normal_area.inst_fifo_node_payld/gen_xpm_memory_fifo.inst_fifo/gen_mem_rep[0].inst_rd_addrb,6,6,15.356,3
soc_design_i/smartconnect_2/inst/s00_nodes/s00_w_node/inst/inst_mi_handler/gen_normal_area.inst_fifo_node_payld/gen_xpm_memory_fifo.inst_fifo/gen_mem_rep[0].inst_wr_addra,4,6,14.675,3
soc_design_i/smartconnect_2/inst/s00_nodes/s00_w_node/inst/inst_mi_handler/gen_normal_area.inst_fifo_node_payld/gen_xpm_memory_fifo.inst_fifo/gen_mem_rep[0].inst_xpm_memory,52,72,N/A,0
soc_design_i/smartconnect_2/inst/s00_nodes/s00_w_node/inst/inst_mi_handler/gen_normal_area.inst_fifo_node_payld/gen_xpm_memory_fifo.inst_fifo/gen_wr.inst_wr_addra_p1,22,6,15.212,4
soc_design_i/smartconnect_2/inst/s00_nodes/s00_w_node/inst/inst_mi_handler/gen_normal_area.inst_fifo_node_payld/gen_xpm_memory_fifo.inst_fifo/gen_mem_rep[0].inst_xpm_memory/xpm_memory_base_inst,52,72,17.425,0
soc_design_i/top_dma_full_to_stre_0/inst,571,280,11.363,1
soc_design_i/top_dma_full_to_stre_0/inst/u_fifo,281,36,-6.432,4
soc_design_i/top_dma_full_to_stre_0/inst/u_read_master,177,76,7.568,8
soc_design_i/top_dma_full_to_stre_0/inst/u_stream_write_master,75,35,-1.378,3
soc_design_i/top_dma_full_to_stre_1/inst,1186,289,11.804,1
soc_design_i/top_dma_full_to_stre_1/inst/u_fifo,895,45,5.531,7
soc_design_i/top_dma_full_to_stre_1/inst/u_read_master,177,76,9.841,3
soc_design_i/top_dma_full_to_stre_1/inst/u_stream_write_master,76,35,12.193,4
soc_design_i/top_dma_stream_to_fu_0/inst,1198,298,12.637,1
soc_design_i/top_dma_stream_to_fu_0/inst/u_fifo,894,45,4.815,6
soc_design_i/top_dma_stream_to_fu_0/inst/u_stream_read_master,78,34,9.710,2
soc_design_i/top_dma_stream_to_fu_0/inst/u_write_master,188,86,7.445,9
